City_ID,City,Country,Date,Lat,Lng,Max Temp,Humidity,Cloudiness,Wind Speed
0,San Patricio,US,2021-09-23 01:19:54,28.017,-97.5169,81.84,33,6,7.27
1,Rincon,US,2021-09-23 01:21:11,32.296,-81.2354,77.86,98,75,5.75
2,East London,ZA,2021-09-23 01:21:33,-33.0153,27.9116,60.73,76,100,18.7
3,Ushuaia,AR,2021-09-23 01:21:33,-54.8,-68.3,38.86,87,20,0.0
4,Geraldton,AU,2021-09-23 01:21:34,-28.7667,114.6,72.01,33,0,14.97
5,Taltal,CL,2021-09-23 01:21:34,-25.4,-70.4833,60.04,65,0,3.98
6,Ha Tinh,VN,2021-09-23 01:18:08,18.3333,105.9,79.83,84,46,4.47
7,Butaritari,KI,2021-09-23 01:18:05,3.0707,172.7902,83.01,66,98,12.77
8,Mahebourg,MU,2021-09-23 01:17:59,-20.4081,57.7,70.09,78,75,10.36
9,Rapid Valley,US,2021-09-23 01:21:35,44.0625,-103.1463,73.0,25,1,12.66
10,Kapaa,US,2021-09-23 01:21:36,22.0752,-159.319,84.18,70,20,4.0
11,Dingle,PH,2021-09-23 01:21:36,10.9995,122.6711,82.54,77,100,1.28
12,Olafsvik,IS,2021-09-23 01:21:37,64.8945,-23.7142,42.13,61,6,3.56
13,Qaanaaq,GL,2021-09-23 01:21:37,77.484,-69.3632,11.5,57,7,7.83
14,Sao Filipe,CV,2021-09-23 01:18:47,14.8961,-24.4956,78.93,80,24,4.88
15,Oliveira Dos Brejinhos,BR,2021-09-23 01:21:38,-12.3169,-42.8961,82.33,26,39,3.11
16,Puerto Escondido,MX,2021-09-23 01:21:38,15.85,-97.0667,85.03,61,75,0.0
17,Ponta Do Sol,PT,2021-09-23 01:21:38,32.6667,-17.1,70.72,65,100,4.56
18,Hambantota,LK,2021-09-23 01:17:10,6.1241,81.1185,79.93,81,6,13.87
19,Hermanus,ZA,2021-09-23 01:21:39,-34.4187,19.2345,56.8,55,6,6.13
20,Mar Del Plata,AR,2021-09-23 01:21:39,-38.0023,-57.5575,53.62,82,90,9.22
21,Tasiilaq,GL,2021-09-23 01:18:14,65.6145,-37.6368,32.16,70,48,6.35
22,Aldan,RU,2021-09-23 01:21:40,58.6031,125.3894,40.35,95,100,3.49
23,Tiksi,RU,2021-09-23 01:21:41,71.6872,128.8694,39.74,67,100,3.78
24,Vaini,TO,2021-09-23 01:21:41,-21.2,-175.2,78.96,89,40,10.36
25,Hobart,AU,2021-09-23 01:21:42,-42.8794,147.3294,62.46,63,75,3.0
26,Ancud,CL,2021-09-23 01:21:42,-41.8697,-73.8203,51.42,85,99,15.19
27,Iqaluit,CA,2021-09-23 01:18:00,63.7506,-68.5145,33.53,75,90,8.05
28,Fortuna,US,2021-09-23 01:21:43,40.5982,-124.1573,81.48,64,1,1.99
29,Ostrovnoy,RU,2021-09-23 01:21:43,68.0531,39.5131,39.04,82,2,18.75
30,Gimli,CA,2021-09-23 01:21:44,50.6336,-96.9907,68.02,42,7,6.91
31,Luena,AO,2021-09-23 01:21:44,-11.7833,19.9167,61.5,29,94,1.05
32,Jalu,LY,2021-09-23 01:21:45,29.0331,21.5482,81.3,28,0,8.41
33,Djibo,BF,2021-09-23 01:21:45,14.1022,-1.6306,82.44,59,100,18.68
34,Monrovia,LR,2021-09-23 01:20:50,6.3005,-10.7969,77.13,87,100,3.76
35,Kavaratti,IN,2021-09-23 01:19:18,10.5669,72.642,82.15,76,100,17.05
36,Touros,BR,2021-09-23 01:21:46,-5.1989,-35.4608,79.7,83,11,9.44
37,Ribeira Grande,PT,2021-09-23 01:21:46,38.5167,-28.7,71.4,76,13,14.09
38,Ambon,ID,2021-09-23 01:21:47,-3.6954,128.1814,75.34,100,75,3.44
39,Cabo San Lucas,MX,2021-09-23 01:21:47,22.8909,-109.9124,88.52,72,40,10.36
40,Chokurdakh,RU,2021-09-23 01:21:48,70.6333,147.9167,32.58,64,100,3.18
41,Hithadhoo,MV,2021-09-23 01:18:00,-0.6,73.0833,83.26,73,98,16.04
42,Soe,ID,2021-09-23 01:21:48,-9.8607,124.284,78.53,40,39,9.53
43,Lagodekhi,GE,2021-09-23 01:21:49,41.8268,46.2767,63.72,95,100,1.59
44,Atuona,PF,2021-09-23 01:18:12,-9.8,-139.0333,78.12,72,0,17.98
45,Srednekolymsk,RU,2021-09-23 01:21:49,67.45,153.6833,39.45,51,15,6.6
46,Cape Town,ZA,2021-09-23 01:17:38,-33.9258,18.4232,58.87,59,0,3.0
47,Mataura,NZ,2021-09-23 01:18:05,-46.1927,168.8643,57.47,40,100,4.25
48,Busselton,AU,2021-09-23 01:21:50,-33.65,115.3333,62.1,75,0,12.24
49,Deputatskiy,RU,2021-09-23 01:19:10,69.3,139.9,35.64,69,100,1.57
50,Rikitea,PF,2021-09-23 01:21:51,-23.1203,-134.9692,74.08,74,0,19.84
51,Punta Arenas,CL,2021-09-23 01:18:03,-53.15,-70.9167,41.11,70,0,17.27
52,Puerto Ayora,EC,2021-09-23 01:21:52,-0.7393,-90.3518,69.33,89,81,9.28
53,Port Hueneme,US,2021-09-23 01:16:57,34.1478,-119.1951,94.24,66,1,5.75
54,Jamestown,US,2021-09-23 01:21:52,42.097,-79.2353,70.07,98,90,5.99
55,Lazaro Cardenas,MX,2021-09-23 01:21:53,17.9583,-102.2,81.21,83,31,3.91
56,Port Elizabeth,ZA,2021-09-23 01:21:53,-33.918,25.5701,59.29,88,0,9.22
57,Brae,GB,2021-09-23 01:21:53,60.3964,-1.353,51.71,91,100,25.3
58,Pevek,RU,2021-09-23 01:21:54,69.7008,170.3133,29.43,65,100,7.67
59,Carnarvon,AU,2021-09-23 01:21:54,-24.8667,113.6333,71.67,73,58,11.5
60,Avarua,CK,2021-09-23 01:21:55,-21.2078,-159.775,75.25,60,20,9.22
61,Khatanga,RU,2021-09-23 01:21:55,71.9667,102.5,34.93,99,100,4.16
62,Benguela,AO,2021-09-23 01:21:56,-12.5763,13.4055,69.4,87,94,2.28
63,Guerrero Negro,MX,2021-09-23 01:21:56,27.9769,-114.0611,77.31,71,25,15.52
64,Imbituba,BR,2021-09-23 01:21:57,-28.24,-48.6703,57.09,74,25,4.59
65,Albany,US,2021-09-23 01:17:37,42.6001,-73.9662,73.67,83,54,11.43
66,Buraydah,SA,2021-09-23 01:21:57,26.326,43.975,81.05,20,25,6.96
67,Talnakh,RU,2021-09-23 01:21:57,69.4865,88.3972,31.78,82,53,5.37
68,Saskylakh,RU,2021-09-23 01:18:23,71.9167,114.0833,34.86,99,100,3.74
69,Hillsborough,US,2021-09-23 01:19:01,37.5741,-122.3794,88.83,69,20,14.97
70,Upernavik,GL,2021-09-23 01:18:06,72.7868,-56.1549,21.99,85,99,5.06
71,Umm Lajj,SA,2021-09-23 01:21:59,25.0213,37.2685,83.19,68,1,6.4
72,Tuatapere,NZ,2021-09-23 01:21:59,-46.1333,167.6833,56.82,58,86,2.1
73,Tynne,UA,2021-09-23 01:22:00,50.6015,26.1849,43.75,94,100,8.81
74,Kununurra,AU,2021-09-23 01:22:01,-15.7667,128.7333,78.78,11,5,14.97
75,Georgetown,MY,2021-09-23 01:19:24,5.4112,100.3354,82.89,76,20,3.44
76,Lata,PT,2021-09-23 01:19:36,40.1629,-8.3327,64.81,83,100,4.54
77,Mansa,IN,2021-09-23 01:22:02,29.9833,75.3833,74.79,94,100,4.65
78,Korla,CN,2021-09-23 01:22:02,41.7597,86.1469,65.34,32,98,12.17
79,Merauke,ID,2021-09-23 01:22:03,-8.4667,140.3333,78.89,81,99,15.19
80,Thompson,CA,2021-09-23 01:22:03,55.7435,-97.8558,55.56,88,90,2.3
81,Codrington,AU,2021-09-23 01:22:04,-38.2667,141.9667,62.49,55,0,16.08
82,Massakory,TD,2021-09-23 01:22:05,12.996,15.7293,78.55,65,93,5.66
83,Saint George,US,2021-09-23 01:22:06,37.1041,-113.5841,90.63,12,1,3.0
84,Yellowknife,CA,2021-09-23 01:22:06,62.456,-114.3525,50.52,81,90,3.44
85,Romny,UA,2021-09-23 01:22:07,50.751,33.4747,43.02,95,100,5.28
86,Namibe,AO,2021-09-23 01:22:07,-15.1961,12.1522,62.15,90,13,4.25
87,Bethel,US,2021-09-23 01:20:24,41.3712,-73.414,74.98,90,100,8.59
88,Grindavik,IS,2021-09-23 01:22:08,63.8424,-22.4338,39.67,81,75,8.05
89,Bluff,NZ,2021-09-23 01:17:58,-46.6,168.3333,57.79,73,79,8.97
90,Yulara,AU,2021-09-23 01:22:09,-25.2406,130.9889,66.04,20,7,14.97
91,Boguchany,RU,2021-09-23 01:22:09,58.3814,97.4531,32.74,90,100,1.97
92,San Javier,ES,2021-09-23 01:22:09,37.8063,-0.8374,73.24,75,40,3.0
93,Souillac,MU,2021-09-23 01:22:10,-20.5167,57.5167,70.18,78,75,10.36
94,Batagay-Alyta,RU,2021-09-23 01:17:19,67.8006,130.4114,35.83,87,85,2.08
95,Mersing,MY,2021-09-23 01:22:11,2.4312,103.8405,78.71,89,40,3.44
96,Rawson,AR,2021-09-23 01:22:11,-43.3002,-65.1023,62.1,36,6,11.74
97,Sitka,US,2021-09-23 01:22:12,57.0531,-135.33,51.69,58,90,8.05
98,Launceston,AU,2021-09-23 01:22:13,-41.45,147.1667,58.64,76,90,5.99
99,Acapulco,MX,2021-09-23 01:22:13,16.8634,-99.8901,84.02,84,75,6.91
100,Esperance,AU,2021-09-23 01:18:52,-33.8667,121.9,62.06,72,8,8.5
101,Ixtapa,MX,2021-09-23 01:18:15,20.7,-105.2,84.22,89,75,6.91
102,Barrow,US,2021-09-23 01:22:14,71.2906,-156.7887,32.02,69,90,16.11
103,Magdagachi,RU,2021-09-23 01:22:15,53.45,125.8,52.07,53,31,4.56
104,Faanui,PF,2021-09-23 01:22:15,-16.4833,-151.75,77.2,73,12,10.27
105,Muros,ES,2021-09-23 01:19:04,42.7762,-9.0603,62.83,76,5,13.38
106,Lucapa,AO,2021-09-23 01:22:16,-8.4192,20.7447,70.05,52,100,1.72
107,Saint-Louis,SN,2021-09-23 01:22:16,16.3333,-15.0,85.96,47,100,12.91
108,Castro,BR,2021-09-23 01:22:17,-24.7911,-50.0119,48.06,89,95,9.57
109,Bengkulu,ID,2021-09-23 01:22:17,-3.8004,102.2655,76.87,89,64,2.39
110,Lebu,CL,2021-09-23 01:22:18,-37.6167,-73.65,48.83,82,79,4.52
111,Killybegs,IE,2021-09-23 01:22:19,54.6333,-8.45,55.71,86,100,17.6
112,Villa Literno,IT,2021-09-23 01:22:19,41.0099,14.0805,70.25,56,0,13.0
113,Basco,PH,2021-09-23 01:22:19,20.4487,121.9702,84.72,74,23,14.27
114,Shillong,IN,2021-09-23 01:22:20,25.5689,91.8831,63.63,92,48,1.21
115,Dalvik,IS,2021-09-23 01:22:20,65.9702,-18.5286,35.53,84,60,6.42
116,Thalwil,CH,2021-09-23 01:22:21,47.2918,8.5635,53.56,90,0,4.61
117,Saint-Philippe,RE,2021-09-23 01:22:21,-21.3585,55.7679,67.55,85,71,10.29
118,Kharabali,RU,2021-09-23 01:22:22,47.4196,47.2568,57.6,84,100,12.35
119,New Norfolk,AU,2021-09-23 01:22:22,-42.7826,147.0587,62.1,62,100,5.01
120,Mahon,ES,2021-09-23 01:19:24,39.8885,4.2658,73.96,88,75,12.66
121,Victoria,HK,2021-09-23 01:19:32,22.2855,114.1577,87.96,85,98,15.17
122,Luba,GQ,2021-09-23 01:22:23,3.4568,8.5547,75.09,91,99,5.44
123,Asau,RO,2021-09-23 01:18:33,46.4333,26.4,46.76,94,100,0.67
124,Zhanakorgan,KZ,2021-09-23 01:22:24,43.9098,67.2495,57.06,28,3,8.72
125,Port-Gentil,GA,2021-09-23 01:18:44,-0.7193,8.7815,78.84,84,100,11.23
126,Adrar,MR,2021-09-23 01:22:24,20.5022,-10.0711,88.18,19,69,13.33
127,Tambo Grande,PE,2021-09-23 01:22:25,-4.9269,-80.3447,72.93,61,12,14.63
128,Faya,SA,2021-09-23 01:19:23,18.3851,42.4509,63.12,33,8,1.25
129,Kodiak,US,2021-09-23 01:21:23,57.79,-152.4072,49.51,62,90,19.57
130,Bend,US,2021-09-23 01:17:57,44.0582,-121.3153,67.28,44,1,4.0
131,Kjopsvik,NO,2021-09-23 01:22:26,68.097,16.3742,50.05,82,99,5.84
132,Haines Junction,CA,2021-09-23 01:18:19,60.7522,-137.5108,37.35,60,100,3.44
133,Berlevag,NO,2021-09-23 01:22:27,70.8578,29.0864,45.66,84,100,22.68
134,Baculin,PH,2021-09-23 01:22:27,7.4525,126.5842,85.01,64,68,4.12
135,Nanortalik,GL,2021-09-23 01:22:28,60.1432,-45.2371,43.2,99,100,8.63
136,Luderitz,NA,2021-09-23 01:22:28,-26.6481,15.1594,55.45,90,2,1.57
137,Grand Gaube,MU,2021-09-23 01:22:29,-20.0064,57.6608,70.2,78,3,3.0
138,Ukiah,US,2021-09-23 01:22:29,39.1502,-123.2078,90.45,24,1,9.22
139,Leningradskiy,RU,2021-09-23 01:22:30,69.3833,178.4167,27.21,69,100,3.44
140,Bredasdorp,ZA,2021-09-23 01:22:31,-34.5322,20.0403,56.28,93,0,5.75
141,Camacupa,AO,2021-09-23 01:22:31,-12.0167,17.4833,65.34,25,100,4.83
142,Sept-Iles,CA,2021-09-23 01:19:41,50.2001,-66.3821,63.25,88,75,5.01
143,Hofn,IS,2021-09-23 01:22:32,64.2539,-15.2082,40.68,59,0,11.23
144,Hilo,US,2021-09-23 01:22:32,19.7297,-155.09,86.29,70,1,4.61
145,Aygut,AM,2021-09-23 01:22:33,40.6833,45.1729,54.03,90,100,3.89
146,Sooke,CA,2021-09-23 01:22:33,48.3746,-123.7276,63.01,87,58,26.46
147,Mahajanga,MG,2021-09-23 01:22:34,-15.7167,46.3167,69.82,73,20,5.75
148,Nelson Bay,AU,2021-09-23 01:22:34,-32.7167,152.15,75.29,47,5,1.99
149,Catamarca,AR,2021-09-23 01:20:44,-28.4696,-65.7852,53.64,54,1,5.84
150,Vardo,NO,2021-09-23 01:19:05,70.3705,31.1107,45.12,78,100,25.08
151,Hervey Bay,AU,2021-09-23 01:22:35,-25.2986,152.8535,76.03,61,49,10.42
152,Lavrentiya,RU,2021-09-23 01:22:35,65.5833,-171.0,34.45,54,79,3.24
153,Kamenka,RU,2021-09-23 01:22:36,51.3223,42.7678,43.25,84,90,4.03
154,La Victoria,VE,2021-09-23 01:22:36,10.2184,-67.3302,78.04,92,100,2.73
155,Batemans Bay,AU,2021-09-23 01:22:37,-35.7167,150.1833,70.99,36,0,5.39
156,Cap Malheureux,MU,2021-09-23 01:22:37,-19.9842,57.6142,70.29,78,2,3.0
157,Cadillac,US,2021-09-23 01:22:38,44.2519,-85.4012,54.63,71,1,12.66
158,North Bend,US,2021-09-23 01:22:38,43.4065,-124.2243,75.94,74,1,12.66
159,Sevilla,ES,2021-09-23 01:20:11,37.3824,-5.9761,70.92,75,0,3.0
160,Bundaberg,AU,2021-09-23 01:22:39,-24.85,152.35,76.21,42,40,1.99
161,Vrangel,RU,2021-09-23 01:22:39,42.7297,133.0839,64.45,86,100,7.96
162,Vostok,RU,2021-09-23 01:18:27,46.4856,135.8833,47.48,93,100,7.63
163,Oskarshamn,SE,2021-09-23 01:22:40,57.2645,16.4484,55.8,91,100,8.86
164,Lasa,IT,2021-09-23 01:22:40,46.6166,10.7002,52.68,58,9,1.86
165,Kaitangata,NZ,2021-09-23 01:22:41,-46.2817,169.8464,61.56,45,94,1.36
166,Donskoye,RU,2021-09-23 01:22:41,45.4552,41.9741,52.65,73,100,1.14
167,Hualmay,PE,2021-09-23 01:22:42,-11.0964,-77.6139,61.75,87,91,9.73
168,Tuktoyaktuk,CA,2021-09-23 01:22:42,69.4541,-133.0374,35.6,75,90,11.5
169,Sarapul,RU,2021-09-23 01:22:43,56.4763,53.7978,34.41,84,21,5.3
170,Craig,US,2021-09-23 01:22:43,40.5153,-107.5464,72.36,20,1,3.44
171,Torrington,US,2021-09-23 01:22:44,41.8007,-73.1212,73.62,95,100,1.99
172,Singapore,SG,2021-09-23 01:21:41,1.2897,103.8501,84.15,75,75,5.75
173,Fort Nelson,CA,2021-09-23 01:22:44,58.8053,-122.7002,49.59,43,20,11.5
174,Bokoro,TD,2021-09-23 01:22:45,12.3807,17.0568,77.9,73,88,8.95
175,Nome,US,2021-09-23 01:22:45,64.5011,-165.4064,39.27,48,90,6.91
176,Port Alfred,ZA,2021-09-23 01:22:45,-33.5906,26.891,60.55,77,100,16.8
177,Buliran,PH,2021-09-23 01:22:46,15.55,120.95,83.59,74,100,3.29
178,Ramjibanpur,IN,2021-09-23 01:22:47,22.8333,87.6167,77.34,96,100,5.19
179,Arlit,NE,2021-09-23 01:22:47,18.7369,7.3853,90.41,14,65,9.22
180,Puerto Colombia,CO,2021-09-23 01:22:48,10.9878,-74.9547,77.09,80,91,6.98
181,Seoul,KR,2021-09-23 01:21:20,37.5683,126.9778,74.71,53,0,11.5
182,Hamilton,US,2021-09-23 01:19:51,39.1834,-84.5333,55.99,94,90,1.01
183,Talcahuano,CL,2021-09-23 01:22:49,-36.7167,-73.1167,51.48,82,0,5.75
184,Banda Aceh,ID,2021-09-23 01:22:50,5.5577,95.3222,80.55,68,100,4.74
185,Clyde River,CA,2021-09-23 01:22:50,70.4692,-68.5914,30.02,90,100,14.92
186,Dotnuva,LT,2021-09-23 01:22:51,55.35,23.9,41.22,93,78,4.47
187,Sugag,RO,2021-09-23 01:22:51,45.7667,23.6333,43.72,96,100,2.73
188,Puerto Carreno,CO,2021-09-23 01:22:52,6.189,-67.4859,75.6,84,100,4.76
189,Komyshnya,UA,2021-09-23 01:22:52,50.1859,33.684,43.05,94,100,3.38
190,Rocha,UY,2021-09-23 01:19:40,-34.4833,-54.3333,49.62,92,100,2.95
191,Nizhniy Kuranakh,RU,2021-09-23 01:22:53,58.8353,125.4869,43.38,91,100,2.64
192,Bambous Virieux,MU,2021-09-23 01:18:10,-20.3428,57.7575,70.05,78,75,10.36
193,Guaira,BR,2021-09-23 01:22:54,-20.3183,-48.3106,73.42,37,2,11.34
194,Bhadra,IN,2021-09-23 01:22:54,29.1167,75.1667,75.94,89,100,11.48
195,Muroto,JP,2021-09-23 01:22:55,33.2833,134.15,80.64,68,26,3.44
196,Aklavik,CA,2021-09-23 01:22:55,68.2191,-135.0107,36.43,69,100,10.51
197,Mbekenyera,TZ,2021-09-23 01:22:56,-10.0,38.9833,66.18,93,43,2.75
198,Wilmington,US,2021-09-23 01:22:48,34.2257,-77.9447,79.86,87,20,5.75
199,Vilhena,BR,2021-09-23 01:22:57,-12.7406,-60.1458,78.89,34,0,3.96
200,Mount Isa,AU,2021-09-23 01:22:57,-20.7333,139.5,76.77,12,0,16.11
201,Ahipara,NZ,2021-09-23 01:22:57,-35.1667,173.1667,57.72,86,83,16.37
202,Poshekhonye,RU,2021-09-23 01:22:58,58.4993,39.1353,44.04,97,100,7.29
203,Kochi,IN,2021-09-23 01:20:34,9.9399,76.2602,75.18,88,100,7.47
204,Saint-Augustin,CA,2021-09-23 01:22:58,51.226,-58.6502,57.97,81,93,11.56
205,Aykhal,RU,2021-09-23 01:22:59,66.0,111.5,35.6,78,21,12.88
206,Safranbolu,TR,2021-09-23 01:22:59,41.2508,32.6942,51.31,89,100,2.64
207,Teya,RU,2021-09-23 01:23:00,60.3778,92.6267,31.5,91,100,7.76
208,Bucerias,MX,2021-09-23 01:22:42,20.75,-105.3333,84.97,89,75,6.91
209,Klaksvik,FO,2021-09-23 01:23:01,62.2266,-6.589,43.72,75,100,22.26
210,Nicolas Bravo,MX,2021-09-23 01:23:01,18.45,-88.9167,72.27,99,67,3.69
211,Anzio,IT,2021-09-23 01:23:02,41.4853,12.6179,67.44,91,6,9.26
212,Kopavogur,IS,2021-09-23 01:23:02,64.1123,-21.913,39.42,87,40,6.91
213,Alta Floresta,BR,2021-09-23 01:23:03,-9.8756,-56.0861,83.25,32,85,3.13
214,Camacha,PT,2021-09-23 01:23:03,33.0833,-16.3333,69.22,73,40,11.5
215,Bendigo,AU,2021-09-23 01:23:04,-36.7667,144.2833,65.86,60,0,1.99
216,Kaka,TM,2021-09-23 01:23:04,37.3482,59.6143,68.36,19,0,6.22
217,Gat,IL,2021-09-23 01:22:03,31.61,34.7642,74.91,100,0,6.46
218,Sao Miguel Do Araguaia,BR,2021-09-23 01:23:05,-13.275,-50.1628,89.67,19,83,3.24
219,Mahina,PF,2021-09-23 01:23:05,-17.5065,-149.489,80.37,65,40,6.91
220,Spring Valley,US,2021-09-23 01:23:06,36.108,-115.245,96.3,14,20,9.22
221,Coquimbo,CL,2021-09-23 01:23:06,-29.9533,-71.3436,55.13,66,0,3.44
222,Cowra,AU,2021-09-23 01:23:07,-33.8333,148.6833,59.97,65,5,5.44
223,Port Hedland,AU,2021-09-23 01:19:19,-20.3167,118.5667,82.45,8,100,13.8
224,Meridian,US,2021-09-23 01:20:34,43.6121,-116.3915,79.65,33,1,4.61
225,Norman Wells,CA,2021-09-23 01:23:08,65.282,-126.8329,35.64,93,90,14.97
226,Mezhova,UA,2021-09-23 01:23:09,48.2532,36.7347,46.98,77,100,1.95
227,Paamiut,GL,2021-09-23 01:23:09,61.994,-49.6678,34.05,81,92,10.8
228,Fushun,CN,2021-09-23 01:23:10,41.8558,123.9233,58.71,95,100,4.56
229,Torbay,CA,2021-09-23 01:23:10,47.6666,-52.7314,62.28,84,40,17.27
230,Moyale,KE,2021-09-23 01:23:11,3.5167,39.0584,66.07,83,50,13.87
231,Broken Hill,AU,2021-09-23 01:18:56,-31.95,141.4333,64.4,42,0,3.53
232,Darhan,MN,2021-09-23 01:23:11,49.4867,105.9228,42.22,76,7,0.98
233,Christchurch,NZ,2021-09-23 01:23:12,-43.5333,172.6333,61.48,75,100,4.0
234,Ilulissat,GL,2021-09-23 01:23:12,69.2167,-51.1,8.2,76,16,7.4
235,Havre-Saint-Pierre,CA,2021-09-23 01:18:55,50.2334,-63.5986,55.76,88,90,5.75
236,Cidreira,BR,2021-09-23 01:23:13,-30.1811,-50.2056,62.4,69,94,17.22
237,Raymondville,US,2021-09-23 01:23:13,26.4815,-97.7831,79.02,43,78,9.75
238,Shihezi,CN,2021-09-23 01:23:14,44.3,86.0333,56.46,25,100,4.03
239,Abu Kamal,SY,2021-09-23 01:23:14,34.4506,40.9171,77.86,34,0,6.8
240,Lorengau,PG,2021-09-23 01:23:15,-2.0226,147.2712,82.54,77,82,10.69
241,Zhuanghe,CN,2021-09-23 01:23:15,39.7008,122.9911,67.28,62,20,9.37
242,Arraial Do Cabo,BR,2021-09-23 01:23:16,-22.9661,-42.0278,67.96,60,40,12.66
243,Kahului,US,2021-09-23 01:18:22,20.8947,-156.47,85.26,71,40,25.32
244,Beringovskiy,RU,2021-09-23 01:23:16,63.05,179.3167,38.23,69,100,7.63
245,Pidhorodne,UA,2021-09-23 01:23:17,48.5753,35.1068,45.64,87,100,3.89
246,Carora,VE,2021-09-23 01:23:17,10.1755,-70.0827,78.89,71,67,3.83
247,Mineros,BO,2021-09-23 01:23:18,-17.1167,-63.2333,76.59,44,78,4.61
248,Rio Grande,BR,2021-09-23 01:19:52,-32.035,-52.0986,60.33,70,100,16.82
249,Chuy,UY,2021-09-23 01:23:19,-33.6971,-53.4616,53.73,83,100,6.58
250,Yar-Sale,RU,2021-09-23 01:23:19,66.8333,70.8333,38.05,85,100,17.05
251,General Roca,AR,2021-09-23 01:23:20,-39.0333,-67.5833,61.2,30,0,16.8
252,Buluang,PH,2021-09-23 01:23:20,13.3068,123.3425,84.56,70,99,0.74
253,Kargat,RU,2021-09-23 01:23:20,55.1956,80.2811,36.39,94,100,1.99
254,Caucaia,BR,2021-09-23 01:21:09,-3.7361,-38.6531,80.04,78,20,5.75
255,Mount Gambier,AU,2021-09-23 01:23:21,-37.8333,140.7667,62.35,52,0,14.12
256,Yenagoa,NG,2021-09-23 01:23:21,4.9247,6.2642,73.47,96,100,1.52
257,Parabel,RU,2021-09-23 01:23:22,58.6978,81.4825,32.86,90,100,5.01
258,Swinoujscie,PL,2021-09-23 01:23:23,53.9105,14.2471,54.48,86,15,17.31
259,Namwala,ZM,2021-09-23 01:23:23,-15.7504,26.4384,67.84,40,84,8.5
260,Dikson,RU,2021-09-23 01:23:24,73.5069,80.5464,34.95,95,100,8.61
261,Presidencia Roque Saenz Pena,AR,2021-09-23 01:19:09,-26.7852,-60.4388,64.51,57,67,5.77
262,Yatou,CN,2021-09-23 01:23:25,37.15,122.3833,73.2,52,53,2.71
263,Binga,ZW,2021-09-23 01:23:25,-17.6203,27.3414,68.9,57,5,6.02
264,Mindelo,CV,2021-09-23 01:23:25,16.8901,-24.9804,78.35,73,20,26.46
265,Quelimane,MZ,2021-09-23 01:23:26,-17.8786,36.8883,69.12,87,25,3.53
266,Tignere,CM,2021-09-23 01:23:27,7.3667,12.65,63.61,97,100,1.88
267,Port-Cartier,CA,2021-09-23 01:23:27,50.0334,-66.8654,62.92,88,100,6.04
268,Oussouye,SN,2021-09-23 01:19:02,12.485,-16.5469,80.78,91,100,4.14
269,Severo-Kurilsk,RU,2021-09-23 01:23:28,50.6789,156.125,48.36,94,100,13.78
270,Terra Santa,BR,2021-09-23 01:23:28,-2.1042,-56.4869,78.06,73,100,2.71
271,Mumford,GH,2021-09-23 01:23:29,5.2618,-0.759,76.5,90,100,4.05
272,Pacific Grove,US,2021-09-23 01:23:30,36.6177,-121.9166,84.81,81,1,3.0
273,Poum,NC,2021-09-23 01:19:22,-20.2333,164.0167,71.76,63,13,23.11
274,Fare,PF,2021-09-23 01:23:31,-16.7,-151.0167,77.14,74,0,10.27
275,Port Lincoln,AU,2021-09-23 01:23:31,-34.7333,135.8667,63.57,52,0,12.75
276,Provideniya,RU,2021-09-23 01:23:31,64.3833,-173.3,39.31,48,40,6.71
277,Port Macquarie,AU,2021-09-23 01:20:50,-31.4333,152.9167,73.36,40,0,8.19
278,Cherskiy,RU,2021-09-23 01:23:32,68.75,161.3,32.86,84,100,7.31
279,Koumac,NC,2021-09-23 01:23:33,-20.5667,164.2833,74.43,54,10,17.65
280,Waingapu,ID,2021-09-23 01:23:33,-9.6567,120.2641,84.9,59,32,17.76
281,Nikolskoye,RU,2021-09-23 01:23:34,59.7035,30.7861,46.02,84,100,3.62
282,Morro Bay,US,2021-09-23 01:18:59,35.3658,-120.8499,89.74,69,29,5.01
283,Iquique,CL,2021-09-23 01:23:34,-20.2208,-70.1431,59.04,74,100,0.58
284,Necochea,AR,2021-09-23 01:23:35,-38.5473,-58.7368,51.04,81,100,8.08
285,Coihaique,CL,2021-09-23 01:23:35,-45.5752,-72.0662,49.95,76,90,5.75
286,Bathsheba,BB,2021-09-23 01:18:42,13.2167,-59.5167,83.01,74,20,11.5
287,Puerto El Triunfo,SV,2021-09-23 01:23:36,13.2833,-88.55,85.12,82,9,5.06
288,Lyubech,UA,2021-09-23 01:23:37,51.7026,30.6569,43.05,95,100,5.61
289,Saiha,IN,2021-09-23 01:23:37,22.4833,92.9667,71.91,87,70,1.86
290,Mutata,CO,2021-09-23 01:23:37,7.2441,-76.4356,74.8,98,100,0.98
291,Ratnagiri,IN,2021-09-23 01:23:38,16.9833,73.3,76.24,88,100,2.98
292,Todos Santos,MX,2021-09-23 01:23:38,23.45,-110.2167,88.02,84,61,5.99
293,Hami,CN,2021-09-23 01:23:39,42.8,93.45,66.31,18,0,3.49
294,Isangel,VU,2021-09-23 01:23:39,-19.55,169.2667,77.11,88,90,0.0
295,Alzamay,RU,2021-09-23 01:23:40,55.5562,98.6644,38.61,84,100,0.92
296,Ginda,IN,2021-09-23 01:23:40,30.6945,78.4932,61.81,74,100,1.01
297,Orcopampa,PE,2021-09-23 01:23:11,-15.2661,-72.3417,44.08,74,85,1.34
298,Mehamn,NO,2021-09-23 01:23:41,71.0357,27.8492,46.09,85,100,14.54
299,Togur,RU,2021-09-23 01:23:41,58.3631,82.8265,28.8,92,54,4.38
300,Borovoy,RU,2021-09-23 01:23:41,55.4333,86.0833,36.68,93,90,2.24
301,Maxixe,MZ,2021-09-23 01:23:42,-23.8597,35.3472,63.14,80,39,7.7
302,Emerald,AU,2021-09-23 01:23:42,-23.5333,148.1667,73.54,25,0,8.05
303,Khani,GE,2021-09-23 01:23:43,41.9563,42.9566,51.37,98,95,1.63
304,Lincoln,US,2021-09-23 01:18:46,40.8,-96.667,65.12,47,1,1.01
305,Bida,NG,2021-09-23 01:23:43,9.0833,6.0167,72.7,94,100,1.59
306,Podyuga,RU,2021-09-23 01:23:44,61.095,40.8647,40.39,91,100,6.2
307,Atar,MR,2021-09-23 01:19:04,20.5169,-13.0499,90.09,19,5,7.96
308,Aberystwyth,GB,2021-09-23 01:23:45,52.4155,-4.0829,58.3,96,65,9.26
309,Bronnoysund,NO,2021-09-23 01:23:45,65.4625,12.1997,50.0,76,90,10.36
310,Kasane,BW,2021-09-23 01:23:46,-17.8167,25.15,68.54,40,3,11.03
311,Maryborough,AU,2021-09-23 01:23:46,-25.5333,152.7,75.97,35,21,5.97
312,Khandbari,NP,2021-09-23 01:23:47,27.3747,87.2039,71.11,85,61,1.01
313,Gorin,RU,2021-09-23 01:23:47,51.1983,136.6669,52.05,52,6,7.49
314,Shimoda,JP,2021-09-23 01:23:47,34.6667,138.95,82.76,59,4,15.14
315,Rosetta,EG,2021-09-23 01:19:33,31.4044,30.4164,78.62,66,0,12.39
316,Zeya,RU,2021-09-23 01:23:48,53.75,127.2667,55.35,49,15,0.67
317,Port Blair,IN,2021-09-23 01:23:49,11.6667,92.75,79.63,84,97,10.6
318,Sao Joao Da Barra,BR,2021-09-23 01:23:49,-21.6403,-41.0511,66.9,59,0,16.28
319,Gallup,US,2021-09-23 01:23:49,35.5281,-108.7426,79.56,16,1,1.99
320,Urdoma,RU,2021-09-23 01:23:50,61.7533,48.5442,32.92,96,7,4.74
321,Fukue,JP,2021-09-23 01:23:51,32.6881,128.8419,80.96,78,75,4.61
322,Carutapera,BR,2021-09-23 01:23:51,-1.195,-46.02,80.11,75,45,9.35
323,Saint-Francois,FR,2021-09-23 01:23:51,46.4154,3.9054,47.64,100,90,3.44
324,Port Hardy,CA,2021-09-23 01:23:52,50.6996,-127.4199,57.38,62,75,11.5
325,Lima,PE,2021-09-23 01:22:48,-12.0432,-77.0282,61.9,81,75,11.5
326,Cururupu,BR,2021-09-23 01:23:53,-1.8283,-44.8683,75.81,86,100,4.56
327,Kampene,CD,2021-09-23 01:23:53,-3.6,26.6667,68.5,83,80,2.21
328,Giyani,ZA,2021-09-23 01:23:53,-23.3025,30.7187,56.39,80,0,5.32
329,Avera,US,2021-09-23 01:23:54,33.194,-82.5271,72.28,74,6,13.2
330,Kavieng,PG,2021-09-23 01:23:54,-2.5744,150.7967,81.59,78,100,8.93
331,Bakchar,RU,2021-09-23 01:23:55,57.0186,82.0711,33.33,98,100,5.21
332,Zhangye,CN,2021-09-23 01:23:55,38.9342,100.4517,68.11,34,29,8.43
333,Diamantino,BR,2021-09-23 01:19:06,-14.4086,-56.4461,87.48,29,80,3.4
334,Oyama,JP,2021-09-23 01:23:56,36.3,139.8,85.66,69,71,4.63
335,Santander,ES,2021-09-23 01:23:57,43.4647,-3.8044,62.98,94,40,3.0
336,Grajau,BR,2021-09-23 01:23:57,-5.8194,-46.1386,82.92,40,99,3.6
337,Mikuni,JP,2021-09-23 01:23:57,36.2171,136.1519,78.71,64,0,9.93
338,Ulladulla,AU,2021-09-23 01:23:58,-35.35,150.4667,72.5,40,4,3.31
339,Darovskoy,RU,2021-09-23 01:23:58,58.77,47.9564,43.18,80,100,8.08
340,Monterey,US,2021-09-23 01:23:59,36.2505,-121.2516,84.06,32,0,8.86
341,Kutum,SD,2021-09-23 01:23:59,14.2,24.6667,80.01,45,100,10.27
342,Uhlove,UA,2021-09-23 01:24:00,44.8215,33.6045,53.08,71,100,8.81
343,Pozo Colorado,PY,2021-09-23 01:24:00,-23.4923,-58.7972,71.78,64,90,0.87
344,Yuxia,CN,2021-09-23 01:24:00,34.0615,108.6291,68.61,91,100,1.12
345,Chapais,CA,2021-09-23 01:24:01,49.7834,-74.8492,42.58,80,100,6.51
346,Saint-Pierre,RE,2021-09-23 01:24:01,-21.3393,55.4781,67.64,66,20,6.91
347,Megalopoli,GR,2021-09-23 01:24:02,37.4011,22.1422,63.05,88,0,3.47
348,Morondava,MG,2021-09-23 01:24:02,-20.2833,44.2833,70.27,75,0,6.89
349,Palmeiras De Goias,BR,2021-09-23 01:24:03,-16.805,-49.9258,82.67,29,4,6.53
350,Zyryanka,RU,2021-09-23 01:24:03,65.75,150.85,43.05,51,100,2.44
351,Wuda,CN,2021-09-23 01:24:03,39.4994,106.7117,64.81,56,4,18.52
352,Dawlatabad,AF,2021-09-23 01:24:04,36.4141,64.9053,66.18,20,0,3.49
353,Sao Gabriel Da Cachoeira,BR,2021-09-23 01:24:05,-0.1303,-67.0892,72.45,99,100,1.74
354,Westport,US,2021-09-23 01:24:05,41.1415,-73.3579,76.24,90,90,3.0
355,Gudibanda,IN,2021-09-23 01:24:05,13.6694,77.6983,68.79,90,100,7.47
356,Chapleau,CA,2021-09-23 01:24:06,47.8405,-83.4034,44.69,81,90,8.05
357,Vao,NC,2021-09-23 01:24:07,-22.6667,167.4833,68.86,61,5,20.65
358,Boddam,GB,2021-09-23 01:24:07,57.4667,-1.7833,53.98,80,100,10.87
359,Samarai,PG,2021-09-23 01:24:08,-10.6167,150.6667,79.14,75,97,17.94
360,Hasaki,JP,2021-09-23 01:24:08,35.7333,140.8333,84.6,73,7,7.9
361,Bilibino,RU,2021-09-23 01:24:09,68.0546,166.4372,30.13,85,100,5.28
362,Alyangula,AU,2021-09-23 01:24:09,-13.8483,136.4192,84.07,34,6,12.66
363,Itacoatiara,BR,2021-09-23 01:24:10,-3.1431,-58.4442,75.4,89,88,2.35
364,Walvis Bay,NA,2021-09-23 01:24:11,-22.9575,14.5053,45.55,100,6,2.3
365,Rosarito,MX,2021-09-23 01:20:13,32.3333,-117.0333,91.67,53,0,12.46
366,Skibbereen,IE,2021-09-23 01:24:11,51.55,-9.2667,60.6,96,100,13.09
367,Thunder Bay,CA,2021-09-23 01:22:46,48.4001,-89.3168,55.38,70,1,0.0
368,Iracoubo,GF,2021-09-23 01:24:12,5.4802,-53.2011,81.12,83,32,11.56
369,Wilkie,CA,2021-09-23 01:24:12,52.4168,-108.7014,64.78,48,100,14.14
370,Egvekinot,RU,2021-09-23 01:23:59,66.3167,-179.1667,25.56,73,100,3.47
371,Atocha,BO,2021-09-23 01:24:13,-20.9333,-66.2333,51.17,26,15,6.24
372,Chandler,US,2021-09-23 01:24:13,33.3062,-111.8412,100.47,19,1,4.61
373,Baruun-Urt,MN,2021-09-23 01:24:14,46.6806,113.2792,59.31,54,100,13.6
374,Vanavara,RU,2021-09-23 01:24:14,60.34,102.2797,34.23,83,100,9.73
375,Kirakira,SB,2021-09-23 01:24:15,-10.4544,161.9205,83.7,73,35,6.91
376,Katsuura,JP,2021-09-23 01:24:15,35.1333,140.3,84.31,72,12,16.98
377,Satkhira,BD,2021-09-23 01:24:16,22.7167,89.1,82.4,96,100,5.7
378,Xichang,CN,2021-09-23 01:24:16,27.8964,102.2634,67.35,87,33,1.81
379,Kruisfontein,ZA,2021-09-23 01:19:19,-34.0033,24.7314,58.37,52,100,5.73
380,Venado Tuerto,AR,2021-09-23 01:24:17,-33.7456,-61.9688,48.76,95,85,5.99
381,Moth,IN,2021-09-23 01:24:17,25.7167,78.95,78.04,84,48,5.1
382,Palmer,US,2021-09-23 01:19:27,42.1584,-72.3287,72.63,82,75,3.0
383,Port Augusta,AU,2021-09-23 01:24:18,-32.5,137.7667,71.74,40,0,8.03
384,Taseyevo,RU,2021-09-23 01:24:19,57.2169,94.8978,36.01,97,100,3.65
385,Pacocha,PE,2021-09-23 01:24:19,-17.5833,-71.3333,61.14,81,100,4.99
386,Gravdal,NO,2021-09-23 01:24:20,68.1214,13.5031,48.27,82,84,25.03
387,Pombas,CV,2021-09-23 01:24:20,17.1503,-25.0201,76.78,80,89,11.99
388,Gediz,TR,2021-09-23 01:24:20,39.0417,29.41,53.28,72,100,7.54
389,Sahuaripa,MX,2021-09-23 01:24:21,29.05,-109.2333,76.57,74,100,4.59
390,Biskamzha,RU,2021-09-23 01:24:22,53.4497,89.5272,33.33,95,100,3.42
391,Portland,US,2021-09-23 01:23:05,45.5234,-122.6762,70.41,72,75,1.99
392,Solnechnyy,RU,2021-09-23 01:24:22,50.7214,136.6319,50.34,52,3,8.28
393,San Pedro,PH,2021-09-23 01:24:23,14.35,121.0167,89.35,69,75,4.61
394,Saint-Georges,GD,2021-09-23 01:24:23,12.0564,-61.7485,82.08,78,20,3.44
395,Lompoc,US,2021-09-23 01:24:24,34.6391,-120.4579,75.34,83,75,13.8
396,Singkang,MY,2021-09-23 01:24:24,2.1006,102.7994,78.69,82,93,2.26
397,Cairns,AU,2021-09-23 01:24:25,-16.9167,145.7667,81.07,56,90,19.57
398,Marystown,CA,2021-09-23 01:24:25,47.1666,-55.1483,59.23,87,92,18.61
399,Bassar,TG,2021-09-23 01:24:26,9.25,0.7833,70.18,91,100,1.59
400,Najran,SA,2021-09-23 01:24:26,17.4924,44.1277,70.45,16,6,2.37
401,Cockburn Town,TC,2021-09-23 01:24:27,21.4612,-71.1419,82.87,77,100,11.27
402,Nhulunbuy,AU,2021-09-23 01:19:29,-12.2333,136.7667,84.81,51,75,17.27
403,Kupang,ID,2021-09-23 01:24:27,-10.1667,123.5833,86.58,51,20,16.11
404,Xuddur,SO,2021-09-23 01:24:28,4.1213,43.8894,72.48,81,61,17.13
405,Kembolcha,ET,2021-09-23 01:24:28,11.0816,39.7434,60.73,90,100,5.84
406,Kyra,RU,2021-09-23 01:24:29,49.5776,111.9753,47.64,70,55,12.66
407,Sorland,NO,2021-09-23 01:24:29,67.667,12.6934,49.5,78,100,27.09
408,Payo,ID,2021-09-23 01:24:30,-3.7508,103.6372,81.25,69,42,2.59
409,Annau,TM,2021-09-23 01:24:31,37.8876,58.516,62.1,36,0,4.61
410,Los Llanos De Aridane,ES,2021-09-23 01:24:31,28.6585,-17.9182,69.55,74,0,14.97
411,Plettenberg Bay,ZA,2021-09-23 01:24:32,-34.0527,23.3716,62.4,46,97,5.73
412,Farafangana,MG,2021-09-23 01:24:32,-22.8167,47.8333,69.78,83,77,5.59
413,Trelew,AR,2021-09-23 01:24:33,-43.249,-65.3051,63.93,29,5,12.46
414,Balabac,PH,2021-09-23 01:24:33,7.9868,117.0645,81.39,79,91,5.46
415,Baykit,RU,2021-09-23 01:24:34,61.67,96.37,30.81,91,100,5.06
416,Dayong,CN,2021-09-23 01:24:34,25.0209,118.2898,82.08,79,100,2.06
417,Barcelona,ES,2021-09-23 01:20:10,41.3888,2.159,71.55,63,20,1.01
418,Longyearbyen,SJ,2021-09-23 01:23:47,78.2186,15.6401,44.44,76,75,13.8
419,Bella Vista,US,2021-09-23 01:24:36,36.4295,-94.2316,63.28,66,1,3.44
420,Kushima,JP,2021-09-23 01:24:37,31.4583,131.2333,86.04,47,0,6.78
421,Ahuimanu,US,2021-09-23 01:24:37,21.4447,-157.8378,87.51,58,1,16.11
422,Smithers,CA,2021-09-23 01:24:38,54.7804,-127.1743,52.12,43,20,11.5
423,Borba,BR,2021-09-23 01:24:38,-4.3878,-59.5939,76.78,82,73,2.93
424,Waitati,NZ,2021-09-23 01:24:39,-45.75,170.5667,58.8,63,6,4.88
425,Te Anau,NZ,2021-09-23 01:24:39,-45.4167,167.7167,60.22,68,40,3.96
426,New Glasgow,CA,2021-09-23 01:24:40,45.5834,-62.6486,62.38,91,85,7.74
427,Nanhai,CN,2021-09-23 01:24:40,30.1282,111.7784,79.39,61,48,3.94
428,Kuhdasht,IR,2021-09-23 01:24:40,33.535,47.6061,63.55,28,0,3.4
429,Mitsamiouli,KM,2021-09-23 01:24:41,-11.3847,43.2844,76.33,77,0,3.02
430,Dunedin,NZ,2021-09-23 01:24:41,-45.8742,170.5036,58.8,63,11,11.99
431,Valparaiso,CL,2021-09-23 01:23:04,-33.0393,-71.6273,55.04,58,0,3.44
432,Alofi,NU,2021-09-23 01:24:42,-19.0595,-169.9187,78.69,65,83,18.41
433,Tynda,RU,2021-09-23 01:24:42,55.1667,124.7167,50.27,69,100,3.2
434,Itaituba,BR,2021-09-23 01:24:43,-4.2761,-55.9836,80.73,65,98,0.54
435,Taksimo,RU,2021-09-23 01:19:58,56.3444,114.8794,38.82,79,100,0.78
436,Broome,US,2021-09-23 01:24:43,42.2506,-75.833,72.18,83,90,1.99
437,Alice Springs,AU,2021-09-23 01:22:30,-23.7,133.8833,65.75,18,38,17.27
438,Araouane,ML,2021-09-23 01:24:44,18.9048,-3.5265,93.58,10,1,5.26
439,Bedesa,ET,2021-09-23 01:24:45,8.9,40.7833,62.33,88,100,1.63
440,Atasu,KZ,2021-09-23 01:24:45,48.6814,71.6433,37.11,60,0,8.12
441,Bonga,ET,2021-09-23 01:24:46,7.2833,36.2333,59.0,98,69,1.92
442,Churapcha,RU,2021-09-23 01:24:46,62.0025,132.4325,48.11,51,41,5.82
443,Santiago Del Estero,AR,2021-09-23 01:21:28,-27.7951,-64.2615,56.8,45,0,8.08
444,Elizabeth City,US,2021-09-23 01:24:46,36.2946,-76.2511,79.02,85,1,11.5
445,Nurota,UZ,2021-09-23 01:24:47,40.5614,65.6886,51.89,20,0,7.0
446,Nowy Tomysl,PL,2021-09-23 01:24:48,52.3195,16.1284,52.25,89,6,7.54
447,Dharmavaram,IN,2021-09-23 01:24:48,14.4333,77.7167,76.08,77,100,11.03
448,Redmond,US,2021-09-23 01:21:02,47.674,-122.1215,66.34,73,83,1.99
449,Kamaishi,JP,2021-09-23 01:24:49,39.2667,141.8833,72.55,66,0,5.79
450,Victor Harbor,AU,2021-09-23 01:24:50,-35.5667,138.6167,64.47,71,0,3.0
451,Minsk,BY,2021-09-23 01:21:47,53.9,27.5667,40.75,95,100,9.73
452,Kamina,CD,2021-09-23 01:24:51,-8.7386,24.9906,69.6,24,98,3.69
453,Coahuayana,MX,2021-09-23 01:24:51,18.7333,-103.6833,87.28,89,1,1.86
454,Nemuro,JP,2021-09-23 01:19:53,43.3236,145.575,73.83,89,82,11.79
455,Wucheng,CN,2021-09-23 01:24:52,29.6008,118.175,81.59,51,25,2.57
456,Naze,JP,2021-09-23 01:24:52,28.3667,129.4833,83.32,59,0,10.36
457,Sampit,ID,2021-09-23 01:24:53,-2.5333,112.95,80.92,73,72,3.62
458,Kushmurun,KZ,2021-09-23 01:24:53,52.4503,64.6311,40.12,81,17,8.14
459,Newport,GB,2021-09-23 01:24:51,51.5877,-2.9984,61.34,79,89,7.38
460,Sorong,ID,2021-09-23 01:24:54,-0.8833,131.25,81.95,73,100,2.84
461,Wasilla,US,2021-09-23 01:19:55,61.5814,-149.4394,44.53,49,1,0.0
462,Ulaanbaatar,MN,2021-09-23 01:22:42,47.9077,106.8832,39.33,81,20,6.71
463,Marawi,PH,2021-09-23 01:24:55,7.9986,124.2928,71.65,71,41,2.1
464,Krasnoselkup,RU,2021-09-23 01:24:55,65.7,82.4667,33.55,86,100,14.92
465,Calama,CL,2021-09-23 01:24:07,-22.4667,-68.9333,55.89,13,96,11.5
466,Havre,FR,2021-09-23 01:24:29,49.5833,0.3333,50.43,87,0,2.3
467,Barreirinha,BR,2021-09-23 01:24:56,-2.7933,-57.07,75.38,89,100,2.37
468,Kongolo,CD,2021-09-23 01:24:56,-5.3833,27.0,76.51,64,72,2.95
469,La Ronge,CA,2021-09-23 01:24:08,55.1001,-105.2842,57.42,76,90,2.3
470,Stokmarknes,NO,2021-09-23 01:24:57,68.5646,14.9108,50.38,79,68,17.16
471,Saint-Leu,RE,2021-09-23 01:24:57,-21.15,55.2833,67.03,71,6,2.19
472,Belmonte,BR,2021-09-23 01:24:57,-15.8631,-38.8828,73.9,75,93,15.3
473,Mehriz,IR,2021-09-23 01:24:58,31.5917,54.4318,75.7,18,65,5.53
474,Gizo,SB,2021-09-23 01:24:59,-8.103,156.8419,80.46,75,100,6.78
475,San Quintin,MX,2021-09-23 01:24:59,30.4833,-115.95,74.91,72,3,12.21
476,Sabha,LY,2021-09-23 01:24:59,27.0377,14.4283,81.54,14,0,7.9
477,Puerto Madryn,AR,2021-09-23 01:25:00,-42.7692,-65.0385,62.91,37,36,8.63
478,Darlawn,IN,2021-09-23 01:25:00,24.0167,92.9,69.3,91,21,1.5
479,Dosso,NE,2021-09-23 01:25:01,13.049,3.1937,76.1,82,100,3.38
480,Itarema,BR,2021-09-23 01:25:01,-2.9248,-39.9167,78.13,83,66,14.43
481,Punta Cardon,VE,2021-09-23 01:25:02,11.6581,-70.215,83.88,77,100,20.45
482,Hay River,CA,2021-09-23 01:25:02,60.8156,-115.7999,49.98,87,75,3.44
483,Maceio,BR,2021-09-23 01:24:00,-9.6658,-35.7353,78.24,94,20,5.75
484,Evensk,RU,2021-09-23 01:25:03,61.95,159.2333,48.49,73,92,0.81
485,Rudnogorsk,RU,2021-09-23 01:25:03,57.2639,103.7519,36.68,73,86,3.58
486,Kargasok,RU,2021-09-23 01:25:04,59.0556,80.8572,33.15,90,100,6.46
487,Yangshe,CN,2021-09-23 01:25:05,31.8899,120.6052,80.82,63,86,5.93
488,Bilma,NE,2021-09-23 01:25:05,18.6853,12.9164,85.24,14,100,2.51
489,Bukachacha,RU,2021-09-23 01:25:05,52.9833,116.9167,49.98,97,100,3.49
490,Uyuni,BO,2021-09-23 01:25:06,-20.4597,-66.825,51.06,25,83,8.79
491,Warri,NG,2021-09-23 01:25:07,5.5167,5.75,74.64,95,100,0.92
492,Pahrump,US,2021-09-23 01:25:07,36.2083,-115.9839,95.11,15,0,1.99
493,Whitehorse,CA,2021-09-23 01:24:15,60.7161,-135.0538,36.37,75,75,3.44
494,Padang,ID,2021-09-23 01:25:08,-0.9492,100.3543,80.65,72,88,1.23
495,Chiriqui Grande,PA,2021-09-23 01:25:08,8.95,-82.1167,82.08,87,100,0.38
496,Badarganj,BD,2021-09-23 01:25:09,25.674,89.0549,77.92,88,48,4.14
497,Ejura,GH,2021-09-23 01:25:09,7.3856,-1.3562,71.17,96,100,3.38
498,Harriston,CA,2021-09-23 01:25:10,43.9001,-80.883,52.84,93,100,23.42
499,Wakema,MM,2021-09-23 01:25:10,16.6,95.1833,74.95,97,100,6.02
500,Gorom-Gorom,BF,2021-09-23 01:25:11,14.4439,-0.2361,82.98,59,100,16.6
501,Waitara,NZ,2021-09-23 01:25:11,-38.925,174.25,59.72,94,100,13.69
502,Isla Vista,US,2021-09-23 01:25:12,34.4133,-119.861,95.34,62,1,8.05
503,Barra,BR,2021-09-23 01:25:12,-11.0894,-43.1417,81.1,38,22,7.18
504,Talara,PE,2021-09-23 01:25:13,-4.5772,-81.2719,63.36,94,40,19.57
505,Kamien Pomorski,PL,2021-09-23 01:25:13,53.9685,14.7726,54.5,88,15,14.34
506,Villa Maria,AR,2021-09-23 01:25:14,-32.4075,-63.2402,45.99,85,0,5.3
507,Moose Factory,CA,2021-09-23 01:25:14,51.2585,-80.6094,46.38,71,1,4.61
508,Airai,TL,2021-09-23 01:25:15,-8.9266,125.4092,72.54,33,44,5.01
509,Saldanha,ZA,2021-09-23 01:25:15,-33.0117,17.9442,59.74,65,0,9.1
510,Kobryn,BY,2021-09-23 01:25:16,52.2138,24.3564,44.47,79,100,7.4
511,Sokoni,TZ,2021-09-23 01:25:16,-6.4333,39.55,76.42,78,0,11.3
512,Daru,PG,2021-09-23 01:25:17,-9.0763,143.2092,76.26,88,100,21.43
513,Jacksonville,US,2021-09-23 01:22:54,30.3322,-81.6556,80.6,88,75,3.0
514,Colombo,LK,2021-09-23 01:25:01,6.9319,79.8478,82.35,86,100,8.84
515,Burnie,AU,2021-09-23 01:25:18,-41.0667,145.9167,54.7,81,100,19.01
516,Socorro,US,2021-09-23 01:25:18,31.6546,-106.3033,79.81,26,75,6.91
517,Cabedelo,BR,2021-09-23 01:25:19,-6.9811,-34.8339,77.67,84,8,9.91
518,Kousseri,CM,2021-09-23 01:25:19,12.0769,15.0306,71.56,94,0,5.75
519,Erenhot,CN,2021-09-23 01:25:20,43.6475,111.9767,68.68,30,68,5.91
520,Antrim,GB,2021-09-23 01:25:20,54.6667,-6.25,58.57,88,75,20.71
521,Jardim,BR,2021-09-23 01:25:21,-21.4803,-56.1381,79.88,43,100,4.36
522,Inzer,RU,2021-09-23 01:25:21,54.2167,57.5556,38.19,79,100,3.38
523,Binabalian,PH,2021-09-23 01:23:13,16.4202,119.9279,82.4,78,97,12.01
524,Chak Azam Sahu,PK,2021-09-23 01:25:22,30.75,73.0333,77.58,82,0,7.43
525,Okhotsk,RU,2021-09-23 01:25:22,59.3833,143.3,53.82,62,1,1.54
526,Carmen Del Parana,PY,2021-09-23 01:25:23,-27.2333,-56.2167,68.13,64,100,4.59
527,High Rock,BS,2021-09-23 01:25:23,26.6208,-78.2833,80.62,64,100,2.91
528,Invermere,CA,2021-09-23 01:25:24,50.5167,-116.0354,58.51,70,47,9.13
529,Griffith,US,2021-09-23 01:25:24,41.5284,-87.4237,61.29,63,75,1.01
530,Saint-Joseph,RE,2021-09-23 01:25:25,-21.3667,55.6167,66.56,82,42,8.3
531,Grafton,US,2021-09-23 01:25:25,42.207,-71.6856,71.17,85,90,1.99
532,Santa Maria Da Vitoria,BR,2021-09-23 01:25:25,-13.3947,-44.1886,87.22,23,66,5.17
533,Sinnamary,GF,2021-09-23 01:25:26,5.3833,-52.95,80.53,85,38,11.03
534,Kampot,KH,2021-09-23 01:25:26,10.6167,104.1833,80.65,84,100,6.02
535,Barabai,ID,2021-09-23 01:23:11,-2.5833,115.3833,83.26,66,54,1.97
536,Laguna,US,2021-09-23 01:25:27,38.421,-121.4238,95.45,22,1,5.01
537,Yarmouth,US,2021-09-23 01:25:27,41.7057,-70.2286,72.45,90,1,5.01
538,Touho,NC,2021-09-23 01:25:28,-20.7833,165.2333,76.71,50,11,3.33
539,Ust-Kuyga,RU,2021-09-23 01:25:28,70.0167,135.6,41.5,60,100,6.53
540,Itoman,JP,2021-09-23 01:25:29,26.1247,127.6694,86.77,79,20,10.36
541,Sungaipenuh,ID,2021-09-23 01:25:29,-2.0833,101.3833,69.69,87,100,1.59
542,Eastleigh,GB,2021-09-23 01:25:29,50.9667,-1.35,56.64,87,6,1.99
543,Zaria,NG,2021-09-23 01:25:30,11.1113,7.7227,67.8,97,100,4.38
544,Jinka,ET,2021-09-23 01:25:30,5.65,36.65,66.47,65,85,3.22
545,Dhidhdhoo,MV,2021-09-23 01:25:31,6.8833,73.1,82.98,76,100,14.5
546,Metlika,SI,2021-09-23 01:25:31,45.6472,15.3142,49.55,93,4,1.52
547,Maragogi,BR,2021-09-23 01:25:32,-9.0122,-35.2225,76.35,91,18,6.96
548,Texarkana,US,2021-09-23 01:25:32,33.4251,-94.0477,70.02,51,1,3.44
549,Nenjiang,CN,2021-09-23 01:25:32,49.1833,125.2167,55.4,63,0,4.7
550,Takaka,NZ,2021-09-23 01:25:33,-40.85,172.8,59.56,99,100,3.31
551,Gucheng,CN,2021-09-23 01:25:33,35.9115,111.3192,68.2,73,100,7.16
552,Cassilandia,BR,2021-09-23 01:25:34,-19.1133,-51.7342,79.0,37,0,7.76
553,Pital,CO,2021-09-23 01:25:34,2.2665,-75.8044,66.11,89,68,5.21
554,Perelyub,RU,2021-09-23 01:25:35,51.8667,50.3667,54.97,43,100,12.28
555,Marsassoum,SN,2021-09-23 01:25:35,12.8275,-15.9806,80.69,96,100,4.07
556,Ishigaki,JP,2021-09-23 01:25:36,24.3448,124.1572,87.93,79,20,6.91
557,Ladario,BR,2021-09-23 01:25:36,-19.0047,-57.6017,79.56,49,14,4.79
558,Mataruska Banja,RS,2021-09-23 01:25:37,43.6901,20.6109,51.75,87,75,3.44
559,Jibuti,DJ,2021-09-23 01:22:33,11.5,42.5,85.42,42,92,9.01
560,Normandin,CA,2021-09-23 01:25:37,48.8333,-72.5321,48.33,93,100,10.36
561,Teguise,ES,2021-09-23 01:25:38,29.0605,-13.564,68.22,73,0,6.91
562,Kezmarok,SK,2021-09-23 01:25:38,49.1357,20.4335,46.33,100,40,2.3
563,Kungurtug,RU,2021-09-23 01:25:39,50.5994,97.5228,36.75,53,7,1.95
564,Tilichiki,RU,2021-09-23 01:25:39,60.4667,166.1,47.1,78,100,1.25
565,Waipawa,NZ,2021-09-23 01:25:40,-41.4122,175.5153,61.93,73,100,9.1
566,Galle,LK,2021-09-23 01:25:40,6.0367,80.217,79.09,86,28,9.33
567,Atambua,ID,2021-09-23 01:25:41,-9.1061,124.8925,83.89,40,46,4.63
568,Maniitsoq,GL,2021-09-23 01:25:41,65.4167,-52.9,32.09,42,82,6.08
569,Schwarzenbek,DE,2021-09-23 01:25:42,53.5,10.4833,56.75,97,31,9.06
570,Tabuk,PH,2021-09-23 01:25:42,17.4189,121.4443,82.18,74,87,3.49
571,Pisco,PE,2021-09-23 01:25:43,-13.7,-76.2167,61.02,82,52,17.27
572,Warrenton,ZA,2021-09-23 01:25:43,-28.114,24.8475,55.27,63,0,10.85
573,Llanes,ES,2021-09-23 01:25:43,43.4198,-4.7549,59.86,83,1,5.41
574,Yanam,IN,2021-09-23 01:25:44,16.7333,82.2167,81.0,87,100,2.75
575,Mahibadhoo,MV,2021-09-23 01:25:45,3.7833,72.9667,82.92,75,100,12.73
576,Mayumba,GA,2021-09-23 01:25:45,-3.432,10.6554,75.43,84,100,4.99
577,Shenjiamen,CN,2021-09-23 01:25:46,29.9576,122.298,79.34,79,1,9.28
578,Skelleftea,SE,2021-09-23 01:25:46,64.7507,20.9528,50.0,69,90,1.99
579,Maracacume,BR,2021-09-23 01:25:46,-2.0428,-45.9592,74.73,87,98,3.65
580,Marsa Matruh,EG,2021-09-23 01:25:47,31.3525,27.2453,75.4,88,0,8.05
581,Soyo,AO,2021-09-23 01:25:47,-6.1349,12.3689,74.86,80,100,7.7
582,Vapnyarka,UA,2021-09-23 01:25:48,48.5348,28.7436,41.88,93,100,10.92
583,Aiea,US,2021-09-23 01:25:48,21.3822,-157.9336,87.42,55,20,10.0
584,Panalingaan,PH,2021-09-23 01:25:49,8.7842,117.4231,82.38,73,100,3.71
